{
    "speech_analysis": "Speech analysis could not be completed.",
    "metrics": {
        "pace": 150,
        "vocal_variety": 0.75,
        "clarity": 0.8,
        "filler_words_count": 0,
        "filler_words": [],
        "pauses_score": 0.7,
        "emphasis_score": 0.75,
        "pronunciation_score": 0.8,
        "overall": 0.75,
        "duration_seconds": 120,
        "waveform_data": [
            0.6724588364723397,
            0.7483777702886661,
            0.7338589243016396,
            0.9380820668110768,
            0.8875192277825519,
            0.9020901720651152,
            1.0,
            0.9477286465161452,
            0.972907888381835,
            1.0,
            1.0,
            1.0,
            1.0,
            1.0,
            1.0,
            1.0,
            0.995548125180158,
            1.0,
            1.0,
            1.0,
            0.789280720842449,
            0.9399627926226222,
            0.8428267590952416,
            0.6582364129569477,
            0.6123349513379331,
            0.5824111962756929,
            0.6767961149939227,
            0.506660971633267,
            0.3126981674483326,
            0.5195216909189189,
            0.36933075030579054,
            0.23256182424462232,
            0.341205769049203,
            0.07628370065269857,
            0.2695449135657392,
            0.16580605961289982,
            0.18313598307502024,
            0.07625587600036643,
            0.10275139204009016,
            0.017351222839392277,
            0.12331666276361065,
            0.2917922918185341,
            0.09917973683237677,
            0.18358361520798705,
            0.40555720289742975,
            0.5052852027873602,
            0.3055886780453919,
            0.34605413293694726,
            0.6574768103681314,
            0.6956410147348728,
            0.7708120861482979,
            0.7034903716281088,
            0.8976235474193459,
            0.9698372432798525,
            1.0,
            0.9680172114969565,
            1.0,
            1.0,
            1.0,
            1.0,
            1.0,
            1.0,
            1.0,
            1.0,
            1.0,
            1.0,
            1.0,
            1.0,
            0.930458423670615,
            0.8439437808855041,
            0.8449874580368616,
            0.9331205224301415,
            0.7293448286512314,
            0.6230731647357342,
            0.7828780935389623,
            0.5750269602299201,
            0.40198390974414355,
            0.49680963952055557,
            0.45574190487012745,
            0.435232021396191,
            0.4029999932779286,
            0.2898748548206431,
            0.38062696860246553,
            0.279080269205197,
            0.3056807177790358,
            0.15973510180115955,
            0.2770058319102443,
            0.24416926005073333,
            0.15317567940663526,
            0.19226403200440265,
            0.17861342981977563,
            0.11738549265296996,
            0.33971913035453133,
            0.30383023881293536,
            0.3477098826167866,
            0.27490305922864194,
            0.42357144060944735,
            0.5844329590415317,
            0.50973678093092,
            0.6487599588737158
        ]
    }
}